loan_id,customer_id,origination_date,original_principal_eur,interest_rate_pct,term_months,monthly_payment_eur,outstanding_balance_eur,days_past_due,loan_status,default_flag,customer_risk_score
L00001,C01277,2026-04-10,36200,8.09,48,885.28,33719.63,0,Current,0,626
L00002,C00918,2025-07-22,21000,9.37,48,526.28,15653.92,0,Current,0,699
L00003,C02323,2026-03-03,14000,9.84,72,258.23,13138.87,0,Current,0,531
L00004,C02194,2022-08-20,14300,3.71,36,420.35,2391.87,0,Current,0,731
L00005,C00787,2023-11-19,2700,6.15,48,63.6,820.47,0,Current,0,768
L00006,C01916,2024-05-22,16400,9.18,72,297.09,11570.13,0,Current,0,661
L00007,C01091,2026-07-11,21200,7.29,36,657.41,20603.58,0,Current,0,691
L00008,C02491,2021-11-19,41600,6.44,36,1273.86,6115.8,0,Current,0,640
L00009,C00969,2021-08-19,13400,9.02,36,426.24,948.07,0,Current,0,602
L00010,C01688,2022-05-26,7300,7.49,72,126.18,2675.61,0,Current,0,699
L00011,C01113,2024-04-17,5100,6.99,36,157.45,1533.63,0,Current,0,663
L00012,C00024,2026-06-18,9800,8.76,36,310.54,9326.11,0,Current,0,735
L00013,C02435,2025-10-30,20400,8.21,60,415.69,17177.07,0,Current,0,656
L00014,C01293,2024-04-15,6300,8.95,36,200.19,2264.88,0,Current,0,620
L00015,C01539,2026-07-26,43500,4.78,36,1299.44,42438.05,0,Current,0,717
L00016,C01302,2024-11-08,23500,8.66,48,581.01,15232.86,0,Current,0,585
L00017,C01467,2023-06-16,22100,7.91,48,538.59,5577.51,0,Current,0,583
L00018,C00976,2021-06-30,6500,6.62,24,289.9,1300.27,0,Current,0,655
L00019,C02245,2025-03-08,35200,9.15,72,637.12,27846.2,0,Current,0,683
L00020,C00319,2022-04-11,14300,6.77,48,340.91,2478.28,0,Current,0,657
L00021,C00466,2022-09-18,11500,8.06,24,520.43,345.0,0,Current,0,624
L00022,C00875,2025-12-20,18100,6.9,24,809.56,13370.58,0,Current,0,681
L00023,C02297,2026-07-28,23800,7.78,72,414.74,23516.52,0,Current,0,737
L00024,C00571,2025-07-11,10600,6.03,60,205.08,8325.24,0,Current,0,643
L00025,C01414,2026-06-13,6200,7.45,60,124.09,6003.41,0,Current,0,788
L00026,C01929,2026-07-31,2800,4.48,48,63.82,2751.38,0,Current,0,780
L00027,C01708,2026-05-18,34900,5.52,24,1539.25,31036.86,0,Current,0,702
L00028,C01335,2024-10-08,9800,6.27,24,435.54,1136.33,0,Current,0,728
L00029,C00435,2022-09-15,9100,5.81,72,150.0,3528.78,0,Current,0,773
L00030,C02387,2022-01-07,30000,9.18,72,543.45,8482.69,0,Current,0,669
L00031,C01825,2024-03-08,21900,5.24,72,355.14,13037.47,0,Current,0,677
L00032,C00002,2025-05-13,18800,9.64,24,864.4,9508.3,0,Current,0,665
L00033,C01460,2022-03-26,26900,3.5,36,788.23,3466.24,0,Current,0,844
L00034,C01757,2023-01-11,31400,6.58,24,1399.89,5556.19,0,Current,0,710
L00035,C02396,2025-10-08,23100,3.75,36,679.44,16740.92,0,Current,0,737
L00036,C02369,2025-10-04,37400,3.5,24,1615.78,22266.58,0,Current,0,782
L00037,C02071,2026-02-25,12300,4.46,36,365.67,10595.0,0,Current,0,763
L00038,C00128,2026-07-30,9800,7.68,72,170.3,9668.44,0,Current,0,765
L00039,C01687,2024-05-24,7800,8.97,24,356.23,1272.24,0,Current,0,595
L00040,C01804,2024-03-18,4800,5.47,24,211.59,542.48,0,Current,0,774
L00041,C01427,2023-09-13,20800,8.99,36,661.34,2374.41,0,Current,0,695
L00042,C01131,2021-06-15,19900,6.75,36,612.18,2766.7,0,Current,0,772
L00043,C00249,2022-09-19,19100,7.7,24,861.23,3052.84,0,Current,0,636
L00044,C02006,2026-04-28,14200,6.15,72,236.34,13524.69,0,Current,0,727
L00045,C02258,2025-04-30,27800,9.11,72,502.63,21554.96,0,Current,0,633
L00046,C01333,2026-07-10,7800,8.23,36,245.25,7628.53,0,Current,0,618
L00047,C01743,2025-07-26,39100,10.52,72,734.66,33438.65,0,Current,0,588
L00048,C00703,2022-07-07,14300,5.54,36,432.06,821.9,0,Current,0,685
L00049,C01764,2025-04-19,11000,8.21,36,345.77,6497.66,0,Current,0,672
L00050,C01709,2024-08-29,27000,8.52,24,1227.55,1497.96,0,Current,0,760
L00051,C02037,2023-06-13,15900,8.75,72,284.64,8527.2,15,Late,0,564
L00052,C02406,2026-07-15,24100,9.4,60,504.97,23714.17,0,Current,0,661
L00053,C02281,2026-02-01,27300,9.98,60,579.78,24788.03,0,Current,0,615
L00054,C01009,2023-03-15,8900,7.55,72,154.1,4737.63,0,Current,0,619
L00055,C00954,2023-12-25,14500,4.42,72,229.64,8696.2,0,Current,0,836
L00056,C00659,2023-05-21,17000,4.8,24,744.29,510.0,0,Current,0,850
L00057,C02214,2025-01-04,25900,5.78,60,498.07,18211.56,0,Current,0,658
L00058,C00589,2025-11-16,9400,7.04,36,290.42,7141.92,0,Current,0,807
L00059,C02338,2022-10-06,22100,4.86,60,415.64,7459.82,0,Current,0,737
L00060,C01585,2024-03-02,15700,4.39,48,357.24,6490.32,0,Current,0,839
L00061,C00588,2025-11-09,15600,3.5,36,457.11,12493.42,0,Current,0,698
L00062,C00479,2026-07-25,7000,7.41,36,217.45,6842.46,0,Current,0,727
L00063,C00887,2024-11-12,38900,7.27,72,668.26,29480.92,0,Current,0,752
L00064,C01453,2026-04-18,29400,9.39,60,615.88,27790.89,0,Current,0,672
L00065,C01848,2025-02-20,30600,7.05,48,733.47,21259.4,0,Current,0,596
L00066,C01386,2026-03-19,11200,8.29,24,508.03,9191.9,0,Current,0,666
L00067,C02307,2025-12-30,16200,8.74,72,289.93,14532.15,0,Current,0,563
L00068,C01035,2025-09-04,8900,5.68,48,207.71,7306.52,0,Current,0,749
L00069,C02397,2025-10-13,18300,7.1,24,820.17,11609.72,0,Current,0,579
L00070,C01562,2025-07-31,7900,8.87,72,141.89,6589.72,0,Current,0,674
L00071,C02116,2024-11-05,3500,9.53,36,112.16,1794.76,0,Current,0,631
L00072,C01906,2026-06-28,23300,10.65,48,598.25,22339.46,30,Late,0,607
L00073,C01670,2021-08-31,8700,6.3,36,265.86,968.78,0,Current,0,711
L00074,C00481,2025-06-30,19100,8.34,48,469.34,14203.49,0,Current,0,677
L00075,C00207,2026-01-13,16400,8.15,48,401.53,14335.6,0,Current,0,625
L00076,C01124,2025-06-24,24200,7.35,36,751.1,15824.82,0,Current,0,708
L00077,C01975,2024-10-19,31400,5.32,24,1382.07,3145.37,0,Current,0,752
L00078,C00431,2024-12-11,11200,7.57,36,348.75,6127.08,0,Current,0,676
L00079,C00475,2025-07-28,19300,8.61,24,878.27,9810.48,0,Current,0,681
L00080,C00003,2022-05-14,39700,6.24,60,771.95,10912.69,0,Current,0,703
L00081,C00346,2025-05-26,21300,6.66,24,950.38,7978.21,0,Current,0,667
L00082,C02315,2023-07-18,24800,8.1,60,504.04,12188.35,0,Current,0,740
L00083,C02060,2026-01-29,27600,3.5,60,502.09,24666.37,0,Current,0,769
L00084,C01531,2024-09-19,38200,6.26,48,901.69,21718.12,0,Current,0,727
L00085,C02112,2023-01-24,30900,5.32,24,1360.06,2079.87,0,Current,0,706
L00086,C02189,2023-05-18,31200,7.31,36,967.79,1267.24,0,Current,0,741
L00087,C01701,2024-05-16,42300,8.94,72,761.22,28238.31,0,Current,0,647
L00088,C01313,2024-06-06,23500,6.91,48,561.76,12435.06,90,Default,1,610
L00089,C02417,2026-04-10,32400,7.28,48,780.07,30277.77,0,Current,0,615
L00090,C01152,2026-03-18,12800,7.61,36,398.81,11133.8,0,Current,0,724
L00091,C01219,2024-04-15,9600,8.68,60,197.79,6005.21,0,Current,0,666
L00092,C01014,2025-01-21,13300,6.9,60,262.73,9809.6,0,Current,0,646
L00093,C00450,2025-01-01,35400,7.74,24,1596.85,13124.75,0,Current,0,631
L00094,C01887,2026-01-31,27000,9.5,24,1239.69,20420.41,0,Current,0,621
L00095,C01037,2021-09-27,14300,7.32,72,246.0,2556.37,0,Current,0,681
L00096,C01134,2024-08-19,19600,5.93,72,324.18,14075.6,0,Current,0,787
L00097,C00407,2025-12-23,28800,10.71,72,543.91,25978.17,0,Current,0,573
L00098,C01732,2025-04-08,10500,3.67,36,308.46,6148.07,0,Current,0,843
L00099,C01006,2025-12-01,4500,9.95,24,207.55,3225.62,0,Current,0,716
L00100,C01089,2024-11-07,2900,5.4,24,127.75,628.43,0,Current,0,699
L00101,C00280,2026-07-12,5500,8.7,60,113.37,5407.91,0,Current,0,578
L00102,C00653,2023-11-20,17800,4.7,36,531.09,4630.48,0,Current,0,768
L00103,C00171,2024-07-12,10700,5.81,24,473.31,899.13,0,Current,0,687
L00104,C00309,2026-06-03,7700,6.72,60,151.45,7452.62,0,Current,0,633
L00105,C00577,2025-09-21,30600,4.83,60,575.08,25071.23,0,Current,0,755
L00106,C01280,2024-11-09,16600,9.62,48,418.0,9416.44,0,Current,0,519
L00107,C01847,2023-08-19,21700,5.7,48,506.65,8348.91,0,Current,0,691
L00108,C00883,2024-10-20,3200,7.48,24,143.97,315.78,0,Current,0,686
L00109,C00463,2023-08-15,22500,6.6,60,441.29,10602.7,0,Current,0,651
L00110,C01740,2024-06-12,37800,9.63,60,796.27,23732.97,0,Current,0,773
L00111,C00290,2025-08-25,9000,6.75,24,401.93,4500.98,0,Current,0,697
L00112,C01165,2022-05-19,9700,7.36,48,233.9,1951.71,0,Current,0,664
L00113,C00399,2025-08-28,14200,5.46,24,625.9,7339.07,0,Current,0,752
L00114,C02327,2023-03-10,18600,7.93,36,582.26,558.0,0,Current,0,725
L00115,C01926,2024-03-06,23800,5.78,36,721.67,8128.82,0,Current,0,729
L00116,C00049,2023-05-12,22900,8.19,36,719.61,687.0,0,Current,0,734
L00117,C02376,2024-04-18,11200,8.29,60,228.65,6569.89,0,Current,0,691
L00118,C01681,2022-12-31,21000,10.62,24,975.06,630.0,0,Current,0,635
L00119,C01503,2021-11-01,4100,6.62,36,125.88,543.87,0,Current,0,680
L00120,C00676,2022-11-03,19800,7.56,60,397.32,7742.36,0,Current,0,662
L00121,C01590,2025-11-28,13100,7.04,24,586.76,8209.82,0,Current,0,738
L00122,C02075,2025-09-15,19800,6.7,24,883.81,11411.22,0,Current,0,751
L00123,C00617,2024-06-05,39800,5.35,48,922.89,19226.56,0,Current,0,691
L00124,C00219,2021-05-12,7500,4.38,48,170.62,571.46,0,Current,0,745
L00125,C00144,2024-10-06,18600,6.5,72,312.66,12854.61,0,Current,0,744
L00126,C00632,2024-09-29,15100,4.57,36,449.65,6998.88,0,Current,0,834
L00127,C01207,2026-03-06,26700,5.88,72,440.99,25205.34,0,Current,0,795
L00128,C00685,2025-08-09,12900,3.5,36,378.0,8740.42,0,Current,0,764
L00129,C00266,2024-07-29,24500,7.74,60,493.73,16454.99,0,Current,0,722
L00130,C00525,2024-10-07,8200,8.48,24,372.66,1084.47,0,Current,0,666
L00131,C02146,2022-09-08,5300,9.14,24,242.47,290.74,0,Current,0,705
L00132,C01840,2026-02-23,7400,7.64,48,179.41,6573.14,0,Current,0,590
L00133,C00160,2023-02-03,34800,3.5,36,1019.71,3128.54,0,Current,0,836
L00134,C01948,2022-01-19,17300,7.85,48,421.13,2718.78,0,Current,0,710
L00135,C00261,2024-11-14,17600,5.94,60,339.77,11373.93,0,Current,0,815
L00136,C00330,2022-11-20,39900,6.12,72,663.52,15348.71,0,Current,0,672
L00137,C01762,2025-03-21,7100,11.01,24,330.95,3006.22,0,Current,0,538
L00138,C00157,2025-11-16,4300,6.19,60,83.51,3710.98,0,Current,0,645
L00139,C01205,2026-06-19,41900,4.75,24,1833.52,38386.09,0,Current,0,739
L00140,C02441,2021-11-04,11700,8.6,36,369.88,351.0,0,Current,0,613
L00141,C02299,2022-09-15,3200,6.7,72,54.1,1267.72,0,Current,0,632
L00142,C01477,2025-09-19,4400,6.69,48,104.73,3590.31,0,Current,0,701
L00143,C02393,2023-06-21,18700,7.5,24,841.49,2960.25,0,Current,0,616
L00144,C01317,2024-08-25,19600,9.04,60,407.24,13126.92,0,Current,0,630
L00145,C00185,2022-07-08,12300,5.11,36,369.25,2490.0,0,Current,0,710
L00146,C00166,2025-08-11,21700,9.18,60,452.35,17437.65,0,Current,0,653
L00147,C00863,2025-03-28,13200,6.9,72,224.41,10320.0,0,Current,0,814
L00148,C02070,2026-02-22,31100,9.74,72,572.08,28641.87,0,Current,0,542
L00149,C00950,2024-04-17,30500,3.5,60,554.85,17924.19,0,Current,0,785
L00150,C00275,2026-02-08,18800,8.06,24,850.79,14561.76,0,Current,0,626
L00151,C02096,2025-05-19,13200,8.51,36,416.75,8225.67,0,Current,0,728
L00152,C00258,2025-07-06,13100,7.99,36,410.45,8931.07,0,Current,0,555
L00153,C00334,2026-07-29,6200,6.63,60,121.69,6100.92,0,Current,0,690
L00154,C01793,2022-09-04,20500,4.45,72,324.95,7459.66,0,Current,0,785
L00155,C01211,2026-07-19,3800,10.66,36,123.8,3707.52,0,Current,0,737
L00156,C02240,2026-02-07,20900,6.43,60,408.25,18851.85,0,Current,0,623
L00157,C00458,2026-06-09,34100,6.83,48,813.88,32795.1,0,Current,0,737
L00158,C01038,2022-06-23,11300,8.09,48,276.34,608.46,0,Current,0,651
L00159,C01326,2024-02-02,17500,8.34,72,309.75,11241.09,0,Current,0,754
L00160,C01218,2024-12-10,5900,7.45,24,265.36,1232.07,0,Current,0,676
L00161,C00414,2026-03-28,15500,7.06,36,479.02,13374.66,0,Current,0,639
L00162,C01554,2026-02-08,15200,3.76,60,278.29,13941.67,0,Current,0,779
L00163,C00662,2024-03-29,30000,4.76,48,687.62,13459.45,0,Current,0,669
L00164,C00299,2025-10-04,11100,9.24,24,508.32,6634.61,0,Current,0,602
L00165,C01548,2026-07-25,10300,3.63,36,302.4,10032.58,0,Current,0,690
L00166,C01500,2021-06-03,3200,6.36,36,97.87,668.19,0,Current,0,709
L00167,C01456,2026-05-13,31500,3.5,48,704.21,29804.48,0,Current,0,756
L00168,C01506,2024-12-21,18900,6.5,36,579.27,8203.07,0,Current,0,649
L00169,C00141,2024-09-21,14700,5.35,72,239.14,10063.93,0,Current,0,772
L00170,C00461,2026-02-27,11800,9.37,60,247.07,10832.35,0,Current,0,708
L00171,C00323,2026-05-01,6300,7.67,60,126.75,6053.79,0,Current,0,589
L00172,C00174,2026-04-02,18900,7.85,24,853.5,15997.79,0,Current,0,655
L00173,C00028,2024-09-28,8800,7.13,72,150.58,5982.07,0,Current,0,759
L00174,C00227,2026-07-04,28100,7.13,72,480.83,27732.05,0,Current,0,613
L00175,C02266,2026-03-03,15300,6.58,48,363.4,13978.19,0,Current,0,720
L00176,C01186,2022-12-08,24200,5.52,24,1067.33,4083.12,0,Current,0,726
L00177,C01249,2025-12-17,35400,11.0,24,1649.92,24662.28,0,Current,0,623
L00178,C00759,2024-11-15,19100,5.44,36,576.22,9269.01,0,Current,0,742
L00179,C01297,2026-07-07,29500,8.25,60,601.69,29108.3,0,Current,0,666
L00180,C00083,2025-11-08,16300,4.04,48,368.33,13409.41,0,Current,0,777
L00181,C01677,2024-01-14,10200,10.62,36,332.1,1659.45,0,Current,0,652
L00182,C00373,2026-03-24,7800,9.74,60,164.73,7181.55,0,Current,0,639
L00183,C02210,2023-07-21,19100,4.63,48,436.67,4317.23,0,Current,0,845
L00184,C01946,2026-05-23,12900,5.34,24,567.91,11581.69,0,Current,0,762
L00185,C00915,2023-08-23,3200,7.55,48,77.45,888.84,0,Current,0,618
L00186,C00924,2026-07-26,10300,7.45,60,206.15,10129.75,0,Current,0,732
L00187,C01471,2026-03-11,16400,6.14,72,272.88,15378.67,0,Current,0,666
L00188,C02124,2024-01-20,12600,6.6,60,247.12,6790.07,0,Current,0,805
L00189,C01707,2026-07-22,31000,12.08,72,607.35,30606.41,0,Current,0,535
L00190,C00901,2026-04-13,28000,10.08,24,1293.09,24305.01,0,Current,0,665
L00191,C00052,2026-04-12,33500,6.29,72,559.79,31902.76,0,Current,0,614
L00192,C01363,2024-05-03,11000,7.26,48,264.74,5658.85,0,Current,0,728
L00193,C00888,2025-03-31,23400,3.99,36,690.76,13940.77,0,Current,0,850
L00194,C01880,2022-02-13,6400,8.3,48,157.15,1072.91,0,Current,0,684
L00195,C00873,2023-04-11,18200,9.18,24,832.97,3853.48,0,Current,0,636
L00196,C01673,2026-05-12,14300,7.38,48,344.96,13594.35,0,Current,0,666
L00197,C00945,2023-10-31,11700,5.0,72,188.43,6950.3,0,Current,0,791
L00198,C00468,2024-05-22,44000,6.45,60,859.88,25728.92,0,Current,0,718
L00199,C00439,2026-05-11,17500,8.36,36,551.3,16170.9,0,Current,0,652
L00200,C00380,2025-03-08,20200,6.79,48,481.75,13675.05,0,Current,0,692
L00201,C00574,2022-09-17,25100,10.08,60,534.29,6984.92,15,Late,0,593
L00202,C01803,2026-01-04,18600,9.08,48,463.57,15998.73,0,Current,0,673
L00203,C00793,2025-04-05,19500,8.12,24,883.0,8637.75,0,Current,0,589
L00204,C02016,2026-02-15,17500,6.55,48,415.42,15411.73,0,Current,0,655
L00205,C02219,2021-05-23,44500,7.47,36,1383.61,7133.87,0,Current,0,741
L00206,C00790,2025-01-23,5200,8.56,24,236.51,1318.26,0,Current,0,648
L00207,C00276,2023-05-06,15500,6.8,72,262.77,7165.89,0,Current,0,628
L00208,C00241,2024-03-08,2900,7.04,60,57.48,1492.44,0,Current,0,652
L00209,C01824,2026-01-16,36600,11.42,24,1712.99,26291.82,0,Current,0,621
L00210,C02431,2026-07-20,32300,7.07,60,640.65,31803.86,0,Current,0,730
L00211,C01352,2026-02-01,11400,6.41,60,222.57,10238.35,0,Current,0,648
L00212,C00354,2025-09-10,19500,10.05,48,495.04,15182.58,0,Current,0,646
L00213,C01240,2022-06-28,13700,8.86,60,283.46,3794.55,0,Current,0,724
L00214,C01480,2026-04-14,20400,8.69,72,364.59,19479.43,0,Current,0,568
L00215,C01742,2022-01-15,32900,7.58,48,796.71,987.0,0,Current,0,709
L00216,C01582,2026-02-22,14400,5.63,36,435.67,12062.57,0,Current,0,661
L00217,C00809,2026-07-05,19700,5.53,36,595.13,19171.37,0,Current,0,801
L00218,C00559,2023-09-24,8200,8.92,72,147.48,4613.91,0,Current,0,700
L00219,C02223,2023-02-13,44600,5.99,24,1976.5,6811.54,0,Current,0,712
L00220,C01188,2024-09-17,35600,5.47,36,1074.49,17393.79,0,Current,0,585
L00221,C01986,2025-09-15,17300,11.2,36,568.02,12249.22,0,Current,0,592
L00222,C01120,2021-04-08,3000,6.25,36,91.61,139.48,0,Current,0,643
L00223,C00815,2025-02-24,29400,7.06,24,1317.11,7892.57,0,Current,0,675
L00224,C02303,2025-09-06,11200,6.25,48,264.32,9040.61,0,Current,0,757
L00225,C00007,2025-02-18,15800,7.46,48,381.73,10291.93,0,Current,0,687
L00226,C01878,2026-06-08,24700,9.4,36,790.06,23497.14,0,Current,0,591
L00227,C00138,2026-05-11,20900,7.49,48,505.24,19738.75,0,Current,0,573
L00228,C00548,2025-01-10,31800,4.92,36,951.93,14746.19,0,Current,0,658
L00229,C02052,2026-06-02,34800,8.94,48,865.01,33355.43,0,Current,0,643
L00230,C00211,2023-03-30,22300,8.38,60,456.23,9545.24,0,Current,0,671
L00231,C01895,2023-09-12,9600,7.12,60,190.64,5067.57,0,Current,0,631
L00232,C02079,2021-03-10,29300,7.88,60,592.42,1503.95,0,Current,0,630
L00233,C00125,2025-02-05,7600,8.5,24,345.46,2645.3,0,Current,0,678
L00234,C02080,2022-12-24,44200,4.87,24,1936.54,8646.66,0,Current,0,698
L00235,C01132,2026-01-12,4000,5.54,36,120.86,3367.17,0,Current,0,667
L00236,C01283,2025-07-31,10400,7.6,24,468.47,5836.18,0,Current,0,652
L00237,C00217,2024-10-29,35500,7.46,60,710.67,23356.16,0,Current,0,612
L00238,C02427,2026-04-19,9700,6.6,48,230.48,8885.76,0,Current,0,655
L00239,C01290,2022-08-30,16700,8.42,36,526.56,1904.89,0,Current,0,585
L00240,C00172,2026-04-13,24500,7.03,48,587.02,22795.84,0,Current,0,560
L00241,C00610,2025-07-09,28000,8.23,60,570.83,22975.28,0,Current,0,584
L00242,C01389,2025-10-30,19200,3.77,60,351.61,16387.45,0,Current,0,737
L00243,C01070,2026-02-20,12200,7.8,24,550.66,9298.57,0,Current,0,721
L00244,C02259,2026-04-24,15900,7.45,48,384.07,14589.09,0,Current,0,638
L00245,C01532,2026-05-25,10500,8.33,48,257.97,9884.25,0,Current,0,645
L00246,C02150,2025-10-24,5300,9.28,36,169.23,4006.83,0,Current,0,702
L00247,C00649,2025-08-07,6200,4.23,72,97.65,5270.37,0,Current,0,747
L00248,C02048,2024-08-07,16800,5.76,72,276.53,12350.36,0,Current,0,719
L00249,C01337,2025-12-12,23700,4.46,36,704.58,18907.07,0,Current,0,850
L00250,C02132,2024-03-03,16100,6.48,48,381.66,7747.7,0,Current,0,712
L00251,C00766,2021-01-18,22700,9.41,36,726.19,2385.65,0,Current,0,711
L00252,C02391,2026-05-08,12700,6.24,60,246.95,12167.48,0,Current,0,734
L00253,C02251,2026-04-13,35300,7.96,72,618.23,33325.28,0,Current,0,598
L00254,C01664,2024-03-31,18800,7.58,24,846.68,630.32,0,Current,0,656
L00255,C01603,2023-12-10,43200,7.89,24,1951.65,8556.61,0,Current,0,656
L00256,C01143,2026-04-26,10000,9.3,24,458.23,8554.85,0,Current,0,535
L00257,C01191,2022-10-26,27200,7.43,72,469.37,11506.85,0,Current,0,631
L00258,C00377,2022-12-20,16200,6.58,36,497.1,1552.78,0,Current,0,727
L00259,C02438,2024-07-03,4500,6.51,60,88.07,2704.2,0,Current,0,593
L00260,C01300,2026-07-28,11800,6.96,60,233.43,11638.11,0,Current,0,714
L00261,C00482,2024-12-08,8800,5.55,24,388.24,1954.52,0,Current,0,764
L00262,C01897,2022-12-04,20900,8.37,36,658.5,1248.38,0,Current,0,720
L00263,C00905,2025-10-25,27400,5.78,24,1211.67,17996.25,0,Current,0,725
L00264,C00851,2025-09-09,29200,8.23,60,595.29,23924.55,0,Current,0,557
L00265,C01128,2022-12-31,9900,8.78,60,204.45,3998.0,0,Current,0,666
L00266,C02480,2026-05-29,13500,6.18,36,411.8,12575.84,0,Current,0,698
L00267,C01286,2026-02-20,33500,8.69,60,690.38,30093.02,0,Current,0,794
L00268,C00487,2025-09-25,11300,8.68,60,232.82,9565.72,0,Current,0,712
L00269,C01065,2026-05-15,13100,7.96,48,319.56,12323.41,0,Current,0,563
L00270,C02485,2022-05-09,23400,9.76,60,494.42,4622.85,0,Current,0,568
L00271,C00401,2026-05-23,26100,8.73,48,646.16,24598.59,0,Current,0,796
L00272,C01384,2025-08-26,12100,8.66,72,216.07,10418.92,0,Current,0,718
L00273,C00568,2021-12-19,36900,4.82,60,693.31,6781.81,0,Current,0,648
L00274,C01449,2026-07-03,25300,6.46,36,774.96,24651.85,0,Current,0,639
L00275,C01967,2025-10-14,33400,5.74,72,549.44,28918.78,0,Current,0,774
L00276,C01021,2025-08-03,19400,9.76,60,409.91,16237.51,0,Current,0,710
L00277,C01439,2026-01-13,30700,9.87,48,776.72,26460.9,0,Current,0,666
L00278,C02268,2026-03-21,24900,5.64,48,580.68,22650.15,0,Current,0,596
L00279,C00381,2023-10-27,14200,7.72,72,247.04,7460.75,0,Current,0,734
L00280,C02148,2024-12-04,33800,7.87,24,1526.68,11007.02,0,Current,0,652
L00281,C02428,2024-05-02,10900,6.13,60,211.39,6092.43,0,Current,0,692
L00282,C00316,2025-09-04,28900,5.92,24,1279.82,17968.6,0,Current,0,733
L00283,C02169,2025-02-18,5700,7.07,24,255.38,1798.78,0,Current,0,657
L00284,C00884,2024-06-25,2900,5.32,24,127.64,195.73,0,Current,0,751
L00285,C00303,2022-02-24,12500,5.43,24,550.8,2295.16,0,Current,0,668
L00286,C00742,2025-07-23,6300,7.94,48,153.62,4656.81,0,Current,0,632
L00287,C01067,2024-08-01,20300,4.98,36,608.23,7627.65,0,Current,0,637
L00288,C01745,2021-07-28,11600,6.34,48,274.24,2216.0,0,Current,0,812
L00289,C01497,2026-06-25,21400,6.18,48,504.35,20670.72,0,Current,0,637
L00290,C01196,2021-06-05,20500,7.69,60,412.63,3936.29,0,Current,0,613
L00291,C01691,2023-12-30,36100,8.36,60,738.21,18011.91,0,Current,0,708
L00292,C01699,2026-03-10,43400,8.33,72,767.95,40592.33,0,Current,0,704
L00293,C00013,2023-03-27,13900,7.41,36,431.8,1478.98,0,Current,0,685
L00294,C01272,2026-02-04,7500,7.83,72,130.88,6896.89,0,Current,0,759
L00295,C00536,2023-08-31,27300,10.34,24,1264.04,980.07,0,Current,0,576
L00296,C02164,2025-10-15,35900,7.41,24,1614.02,22271.35,0,Current,0,666
L00297,C01485,2026-02-19,36600,5.73,24,1617.69,28018.81,0,Current,0,716
L00298,C00631,2025-02-13,2800,4.57,24,122.3,1026.71,0,Current,0,640
L00299,C00263,2023-04-02,7200,6.17,72,119.9,3642.74,0,Current,0,787
L00300,C00941,2026-05-27,6100,9.13,24,279.04,5338.22,0,Current,0,781
L00301,C01784,2023-08-27,5800,7.81,72,101.16,3330.77,0,Current,0,666
L00302,C00027,2025-01-29,11500,6.55,72,193.59,8488.57,0,Current,0,707
L00303,C02031,2025-07-29,17400,8.87,48,431.93,13699.14,0,Current,0,646
L00304,C01517,2026-03-07,19200,8.81,48,476.06,17613.81,0,Current,0,629
L00305,C01998,2021-06-20,17000,7.94,24,768.4,3562.11,0,Current,0,678
L00306,C02253,2025-05-10,5900,4.83,36,176.38,3907.56,0,Current,0,727
L00307,C01409,2025-03-11,35800,5.21,72,580.05,27644.31,0,Current,0,723
L00308,C00867,2022-06-20,7800,6.36,72,130.6,3036.23,0,Current,0,664
L00309,C01047,2025-11-21,21600,7.55,24,972.48,13472.19,0,Current,0,688
L00310,C00379,2026-02-12,5300,6.54,72,89.19,4902.47,0,Current,0,645
L00311,C00885,2025-10-09,14800,6.88,60,292.22,12428.04,0,Current,0,701
L00312,C00026,2024-06-07,4400,7.52,72,76.12,3050.03,0,Current,0,715
L00313,C02473,2026-07-17,29700,4.91,60,559.25,29205.09,0,Current,0,777
L00314,C01896,2025-03-11,3800,6.95,36,117.25,2301.9,0,Current,0,547
L00315,C00698,2022-12-06,2700,9.18,72,48.91,1379.23,0,Current,0,726
L00316,C01615,2024-09-20,26700,6.04,24,1183.84,2530.07,0,Current,0,738
L00317,C00634,2026-07-01,31800,7.85,48,774.09,31215.74,0,Current,0,692
L00318,C01886,2025-09-16,5700,10.74,48,146.6,4445.47,0,Current,0,553
L00319,C00874,2025-04-13,10400,6.49,24,463.23,3604.97,0,Current,0,671
L00320,C01061,2026-06-11,13800,9.02,60,286.6,13436.05,0,Current,0,651
L00321,C01656,2025-10-09,31800,6.95,48,760.75,26227.92,0,Current,0,600
L00322,C02478,2024-05-22,15100,7.04,36,466.52,5773.67,0,Current,0,658
L00323,C01565,2024-08-21,6500,3.5,60,118.25,4237.35,0,Current,0,850
L00324,C02115,2026-05-25,33100,6.77,72,560.67,31705.33,0,Current,0,659
L00325,C01144,2022-05-10,14000,5.73,48,327.06,605.94,0,Current,0,709
L00326,C02242,2026-04-28,5000,7.17,60,99.41,4713.93,0,Current,0,689
L00327,C00651,2026-04-16,13100,6.46,60,256.07,12376.75,0,Current,0,679
L00328,C01301,2026-06-25,13200,7.14,24,591.84,12301.09,0,Current,0,766
L00329,C02341,2023-11-21,6700,12.8,36,225.1,1437.99,0,Current,0,540
L00330,C00762,2022-09-27,23100,7.27,60,460.36,5599.88,0,Current,0,715
L00331,C02301,2026-05-27,32000,4.67,48,732.16,30318.92,0,Current,0,674
L00332,C01243,2025-04-30,14400,6.37,60,280.88,11233.07,0,Current,0,763
L00333,C00776,2024-09-22,33000,8.17,36,1036.69,14927.35,0,Current,0,621
L00334,C00088,2026-01-07,32300,5.97,36,982.19,26336.2,0,Current,0,728
L00335,C02292,2026-07-10,5000,6.25,60,97.25,4930.64,0,Current,0,703
L00336,C02068,2022-05-27,35500,8.37,36,1118.51,5335.51,0,Current,0,715
L00337,C00830,2024-09-02,33400,6.32,24,1485.13,6812.99,0,Current,0,613
L00338,C00968,2025-03-30,33300,7.13,72,569.81,25693.97,0,Current,0,672
L00339,C02058,2023-05-30,33600,7.44,24,1511.07,1008.0,0,Current,0,629
L00340,C02267,2025-11-04,26000,3.5,48,581.26,21412.96,0,Current,0,832
L00341,C00476,2022-06-22,7200,7.12,72,123.17,2527.85,0,Current,0,680
L00342,C01885,2025-12-20,23100,9.73,48,582.88,19801.51,0,Current,0,560
L00343,C00595,2025-08-05,11600,6.06,60,224.58,9653.74,0,Current,0,649
L00344,C01689,2022-07-14,24700,7.5,48,597.22,2181.54,0,Current,0,670
L00345,C01754,2024-03-29,27800,8.56,72,495.06,16690.4,0,Current,0,631
L00346,C00182,2026-02-13,16400,4.75,48,375.83,14791.56,0,Current,0,735
L00347,C01685,2025-02-16,36600,11.5,60,804.93,26200.91,0,Current,0,505
L00348,C02125,2025-11-12,31800,5.94,24,1408.54,20827.38,0,Current,0,664
L00349,C02002,2025-05-09,18600,9.44,72,339.35,15234.86,0,Current,0,679
L00350,C01832,2026-01-30,27600,9.38,36,882.56,23001.99,0,Current,0,609
L00351,C02425,2026-07-02,12700,11.4,48,330.71,12474.2,0,Current,0,577
L00352,C00325,2022-09-29,2900,7.48,24,130.47,511.22,0,Current,0,689
L00353,C00864,2021-02-16,10200,6.8,24,455.76,306.0,0,Current,0,590
L00354,C02277,2024-10-09,18300,8.57,24,832.42,2466.65,0,Current,0,610
L00355,C02057,2021-07-26,19200,7.96,24,868.01,3567.78,0,Current,0,488
L00356,C00569,2026-07-27,14500,4.9,72,232.85,14295.71,0,Current,0,745
L00357,C01551,2026-02-19,13900,9.29,48,347.82,12528.44,0,Current,0,627
L00358,C00148,2026-02-19,23400,9.26,24,1071.82,18522.26,0,Current,0,557
L00359,C00391,2026-04-23,25500,7.24,48,613.47,23499.68,0,Current,0,640
L00360,C01016,2026-07-30,27900,7.39,72,480.91,27562.52,0,Current,0,744
L00361,C01706,2024-09-20,23500,9.97,24,1084.08,3660.14,0,Current,0,593
L00362,C02100,2024-07-25,34100,6.31,48,805.7,17798.05,0,Current,0,763
L00363,C00861,2026-02-24,13300,7.05,72,227.07,12338.37,0,Current,0,614
L00364,C01577,2021-04-19,18500,8.02,24,836.87,1839.5,0,Current,0,708
L00365,C01094,2026-06-17,8400,6.56,48,199.44,8121.35,0,Current,0,677
L00366,C00732,2024-09-25,23600,5.58,72,386.46,17421.22,0,Current,0,773
L00367,C01785,2025-07-01,22600,6.73,36,695.04,15032.48,0,Current,0,625
L00368,C01576,2025-05-01,3400,7.98,72,59.58,2831.04,0,Current,0,560
L00369,C01758,2024-08-07,33300,5.41,24,1467.04,6808.15,0,Current,0,767
L00370,C01751,2024-10-27,18700,9.46,72,341.36,13024.72,0,Current,0,707
L00371,C00091,2023-02-12,31600,6.51,24,1407.8,948.0,0,Current,0,670
L00372,C01675,2025-11-27,5900,9.25,24,270.22,3706.32,0,Current,0,631
L00373,C00721,2025-04-10,9000,5.52,24,396.94,2999.21,0,Current,0,664
L00374,C00931,2023-05-22,33600,5.04,60,634.69,12188.9,0,Current,0,799
L00375,C00075,2021-06-03,10200,6.86,24,456.03,1792.53,0,Current,0,748
L00376,C02271,2022-09-19,12500,5.4,48,290.14,528.37,0,Current,0,675
L00377,C01486,2021-01-17,9900,6.4,36,302.97,592.75,0,Current,0,689
L00378,C01350,2025-05-02,24800,8.63,24,1128.78,9240.42,0,Current,0,578
L00379,C00254,2023-03-18,6200,7.39,60,123.91,2682.29,0,Current,0,623
L00380,C02402,2026-01-24,27300,8.65,60,562.08,24631.4,0,Current,0,518
L00381,C01810,2026-05-29,4100,7.18,24,183.9,3626.07,0,Current,0,629
L00382,C02168,2024-02-22,6800,6.01,60,131.49,3434.33,0,Current,0,626
L00383,C02408,2023-12-30,22100,5.18,72,357.77,12637.78,0,Current,0,754
L00384,C00409,2026-03-15,7200,4.62,72,114.69,6693.73,0,Current,0,654
L00385,C00101,2024-06-13,31200,6.85,24,1394.78,3838.25,0,Current,0,693
L00386,C01917,2024-10-10,6200,6.96,36,191.32,2562.9,0,Current,0,703
L00387,C01138,2025-10-25,29300,6.62,24,1306.79,19122.63,0,Current,0,742
L00388,C01304,2023-11-19,4700,11.27,72,90.11,2658.95,15,Late,0,556
L00389,C00032,2025-08-12,28200,6.91,48,674.11,22181.8,0,Current,0,705
L00390,C02434,2025-05-15,33300,7.07,24,1491.98,15914.21,0,Current,0,724
L00391,C01446,2026-05-12,18000,8.52,24,818.37,15906.63,0,Current,0,662
L00392,C00268,2024-03-02,5400,7.14,48,129.66,2826.37,0,Current,0,729
L00393,C02012,2026-02-08,26600,6.53,60,520.83,24453.27,0,Current,0,689
L00394,C01183,2025-09-07,4600,4.45,72,72.91,3925.1,0,Current,0,766
L00395,C00055,2022-04-05,30900,6.91,72,525.48,12561.3,0,Current,0,769
L00396,C00848,2025-10-13,34900,8.59,24,1587.84,22150.58,0,Current,0,638
L00397,C00611,2025-11-20,3800,8.11,36,119.27,2879.73,0,Current,0,640
L00398,C00613,2024-11-06,20200,8.36,72,357.73,14865.78,0,Current,0,679
L00399,C02318,2024-07-05,21600,7.85,48,525.8,12468.93,0,Current,0,647
L00400,C01502,2026-01-07,19200,6.47,60,375.4,17140.36,0,Current,0,722
L00401,C01476,2026-04-13,18900,7.19,60,375.94,17777.31,0,Current,0,658
L00402,C01092,2023-10-22,4600,6.57,36,141.13,811.12,0,Current,0,734
L00403,C00434,2022-09-06,10200,6.66,60,200.34,2166.3,0,Current,0,740
L00404,C02114,2022-08-09,13300,8.2,48,325.94,420.69,0,Current,0,641
L00405,C01538,2024-09-12,10100,7.17,72,173.02,6977.8,0,Current,0,744
L00406,C00507,2022-07-13,19800,7.86,60,400.15,6309.81,0,Current,0,688
L00407,C00800,2025-02-26,9400,5.89,48,220.29,6061.37,0,Current,0,742
L00408,C01616,2022-08-13,11100,4.39,24,483.95,333.0,0,Current,0,735
L00409,C00151,2024-03-11,17400,6.31,60,338.9,9764.86,0,Current,0,764
L00410,C00824,2026-03-06,30300,6.3,24,1347.01,24882.32,0,Current,0,657
L00411,C00358,2024-07-17,37800,11.05,72,720.46,25254.31,0,Current,0,504
L00412,C00731,2026-05-28,20900,9.47,60,438.63,19864.86,0,Current,0,670
L00413,C00674,2022-11-18,26400,4.19,36,781.67,1950.69,0,Current,0,739
L00414,C01612,2022-04-21,32200,8.42,24,1462.49,6066.02,0,Current,0,646
L00415,C01623,2024-04-02,11000,4.84,72,176.34,7110.63,0,Current,0,772
L00416,C01662,2021-03-26,15400,4.42,48,350.62,2286.0,0,Current,0,729
L00417,C01174,2025-05-14,28200,6.81,60,555.87,21076.79,15,Late,0,627
L00418,C00082,2025-12-19,28600,9.14,36,911.34,23420.7,0,Current,0,685
L00419,C01230,2026-07-29,37400,9.29,36,1194.36,36568.09,0,Current,0,645
L00420,C01069,2025-12-28,22200,7.97,60,449.82,19550.01,0,Current,0,681
L00421,C01976,2024-06-27,20000,7.44,60,400.19,11649.71,0,Current,0,709
L00422,C01606,2023-08-18,14200,6.22,36,433.41,1300.64,0,Current,0,650
L00423,C00561,2023-09-01,33400,4.89,36,999.38,5757.0,0,Current,0,821
L00424,C01595,2026-05-13,18000,10.02,48,456.7,17044.01,0,Current,0,680
L00425,C02257,2025-07-05,24700,7.98,36,773.78,17372.69,0,Current,0,767
L00426,C01735,2025-10-11,16800,7.58,24,756.6,10973.14,0,Current,0,688
L00427,C01678,2026-06-15,4800,7.18,24,215.3,4415.32,0,Current,0,700
L00428,C00539,2026-02-09,18600,7.31,24,835.39,14582.16,0,Current,0,623
L00429,C02439,2026-05-29,3800,8.3,48,93.31,3575.75,0,Current,0,691
L00430,C01125,2026-05-27,15200,6.51,36,465.93,14189.59,0,Current,0,635
L00431,C01977,2025-05-26,9400,5.7,60,180.42,7291.23,0,Current,0,682
L00432,C01058,2025-12-13,3100,3.81,72,48.23,2811.06,0,Current,0,795
L00433,C00927,2025-03-16,28300,5.01,72,455.9,22274.19,0,Current,0,617
L00434,C00371,2025-12-03,22400,5.58,72,366.81,20200.4,0,Current,0,760
L00435,C00331,2021-08-21,31200,6.73,36,959.52,1565.76,0,Current,0,686
L00436,C01135,2021-06-19,24400,6.8,60,480.85,4158.29,0,Current,0,723
L00437,C01873,2026-06-17,4900,5.02,36,146.9,4639.3,0,Current,0,808
L00438,C01965,2022-11-24,33500,6.42,36,1025.52,1005.0,90,Default,1,691
L00439,C00284,2024-04-19,42000,4.68,36,1252.75,10293.41,0,Current,0,728
L00440,C01049,2025-10-23,15800,9.26,60,329.98,13730.54,0,Current,0,552
L00441,C02447,2024-08-12,5100,7.39,36,158.38,1802.47,0,Current,0,678
L00442,C01137,2024-12-28,22300,5.36,36,671.96,12077.81,0,Current,0,660
L00443,C01955,2025-11-25,24200,11.46,60,531.74,20885.34,0,Current,0,581
L00444,C00497,2025-07-10,16200,8.1,72,284.83,13405.02,0,Current,0,782
L00445,C01244,2026-06-06,21100,7.94,36,660.61,19958.45,0,Current,0,578
L00446,C00473,2024-04-01,25400,9.76,36,816.73,7839.83,0,Current,0,591
L00447,C00310,2022-11-21,6000,5.82,72,98.93,2894.98,0,Current,0,601
L00448,C00508,2026-05-21,24200,8.09,48,591.82,22672.53,0,Current,0,773
L00449,C01403,2025-08-28,10800,6.79,48,257.57,8665.42,0,Current,0,675
L00450,C01028,2024-05-29,22100,5.34,24,972.93,3764.89,0,Current,0,729
L00451,C00306,2026-04-23,16200,7.23,48,389.66,14882.59,0,Current,0,685
L00452,C01587,2025-05-31,28000,9.79,36,900.72,16915.56,0,Current,0,664
L00453,C00891,2025-07-21,6700,6.31,48,158.3,5163.11,0,Current,0,713
L00454,C00352,2025-12-19,43100,7.91,72,753.79,38991.28,0,Current,0,610
L00455,C01614,2023-06-13,20900,3.69,24,904.7,627.0,0,Current,0,705
L00456,C00393,2025-05-27,41200,7.91,60,833.61,31331.72,0,Current,0,614
L00457,C01367,2025-12-28,21600,5.8,60,415.58,19268.35,0,Current,0,737
L00458,C00669,2025-03-28,25200,8.85,36,799.6,13187.92,0,Current,0,613
L00459,C00935,2024-05-07,26300,9.21,24,1204.04,5401.61,0,Current,0,675
L00460,C00122,2025-09-18,16600,5.89,60,320.08,13578.1,0,Current,0,700
L00461,C02464,2024-01-17,24600,7.46,60,492.47,13637.29,0,Current,0,674
L00462,C02256,2026-01-31,35900,7.17,72,614.99,32487.92,0,Current,0,692
L00463,C01298,2023-08-05,39400,6.48,72,661.94,22233.98,0,Current,0,738
L00464,C02484,2024-12-30,13300,7.47,36,413.53,7145.75,0,Current,0,666
L00465,C02313,2022-07-05,21600,4.78,72,345.67,9524.59,0,Current,0,729
L00466,C01098,2025-07-07,41300,4.42,48,940.3,30462.17,0,Current,0,775
L00467,C00077,2026-07-27,21900,7.01,60,433.75,21527.88,0,Current,0,716
L00468,C00025,2025-12-26,25400,5.0,60,479.33,22186.12,0,Current,0,704
L00469,C02103,2024-12-18,32800,9.63,36,1052.68,14722.69,0,Current,0,580
L00470,C00671,2026-05-28,20900,7.13,24,936.98,18280.07,0,Current,0,760
L00471,C01175,2024-02-15,21000,5.51,72,343.19,12554.95,0,Current,0,743
L00472,C00578,2025-07-17,12300,5.6,72,201.53,10479.04,0,Current,0,728
L00473,C01322,2026-05-21,21600,8.47,36,681.56,20025.88,0,Current,0,633
L00474,C00492,2026-07-24,38500,3.61,72,595.52,38030.52,0,Current,0,777
L00475,C02065,2023-12-09,11500,7.33,48,277.15,5264.71,0,Current,0,539
L00476,C02332,2023-10-20,4800,4.2,60,88.83,2599.51,0,Current,0,742
L00477,C02276,2022-03-27,6000,7.34,60,119.77,1420.87,0,Current,0,725
L00478,C02262,2025-11-06,17300,6.49,72,290.73,15133.16,0,Current,0,715
L00479,C00259,2021-11-13,17000,9.71,72,312.46,3970.63,0,Current,0,713
L00480,C02044,2026-07-26,27400,8.29,48,672.65,26883.89,0,Current,0,675
L00481,C00022,2026-06-12,17600,5.83,24,778.7,16237.06,0,Current,0,675
L00482,C02254,2022-12-24,24700,7.51,48,597.33,3464.48,0,Current,0,719
L00483,C00214,2026-06-25,16500,9.15,48,411.78,15838.2,0,Current,0,558
L00484,C00452,2024-01-06,9400,10.83,24,437.37,1764.38,0,Current,0,526
L00485,C00639,2022-08-09,45000,5.02,24,1974.62,9503.87,0,Current,0,689
L00486,C02013,2024-09-09,26500,8.37,24,1203.0,3619.05,0,Current,0,680
L00487,C01320,2023-10-07,30400,5.73,72,499.95,16481.0,0,Current,0,704
L00488,C00206,2022-09-28,12300,8.89,48,305.44,369.0,0,Current,0,587
L00489,C01040,2023-10-10,13500,5.74,24,596.75,1180.88,0,Current,0,730
L00490,C00736,2021-07-24,8300,7.63,36,258.68,536.83,0,Current,0,637
L00491,C00911,2024-02-25,10100,9.3,24,462.81,303.0,0,Current,0,547
L00492,C00505,2021-04-18,12000,7.81,24,541.69,2623.02,0,Current,0,772
L00493,C01674,2026-03-15,41100,6.32,72,687.37,38328.52,0,Current,0,667
L00494,C01525,2022-12-16,30300,6.7,60,595.7,11212.71,0,Current,0,678
L00495,C00060,2025-03-02,8000,7.41,60,159.96,5718.43,0,Current,0,587
L00496,C02347,2023-08-27,4600,10.37,36,149.23,877.98,0,Current,0,549
L00497,C00488,2025-11-12,12100,6.2,48,285.28,10226.54,0,Current,0,716
L00498,C00374,2024-04-26,14600,7.81,72,254.63,9666.4,0,Current,0,737
L00499,C00269,2021-12-15,13900,5.66,60,266.53,3194.71,0,Current,0,789
L00500,C01051,2024-04-13,14700,5.43,60,280.31,9027.63,0,Current,0,738
L00501,C02166,2026-06-30,7400,6.59,48,175.8,7131.23,0,Current,0,637
L00502,C00517,2026-04-12,42400,6.98,48,1014.93,39554.68,0,Current,0,675
L00503,C00765,2024-09-13,7900,8.04,48,193.01,4482.49,0,Current,0,701
L00504,C01115,2024-03-01,20400,11.43,36,672.03,7427.35,0,Current,0,556
L00505,C00960,2023-05-19,5600,5.87,60,107.93,1957.45,0,Current,0,747
L00506,C00514,2025-12-31,23400,10.18,60,499.26,20384.45,0,Current,0,608
L00507,C00869,2024-11-06,3400,7.78,72,59.25,2591.36,0,Current,0,745
L00508,C02483,2025-04-30,7900,7.23,36,244.76,5100.73,0,Current,0,716
L00509,C02400,2023-01-10,3400,7.98,36,106.51,491.24,0,Current,0,727
L00510,C02283,2023-02-21,21100,7.1,24,945.66,4505.29,0,Current,0,642
L00511,C01660,2025-05-22,19200,8.17,60,390.87,14401.81,0,Current,0,719
L00512,C00995,2023-05-17,3300,7.46,36,102.59,99.0,0,Current,0,605
L00513,C01659,2026-07-22,21200,7.71,60,426.92,20906.89,0,Current,0,614
L00514,C01799,2026-07-31,4800,7.95,24,216.98,4622.91,0,Current,0,600
L00515,C00844,2023-12-05,11100,6.18,36,338.59,1755.22,0,Current,0,659
L00516,C02437,2026-07-26,27200,8.84,60,562.52,26811.44,0,Current,0,701
L00517,C02442,2025-08-29,13600,6.03,72,225.58,11541.2,0,Current,0,684
L00518,C00553,2026-06-07,29600,9.18,48,739.13,28348.56,0,Current,0,566
L00519,C02352,2026-07-27,19700,7.11,48,472.75,19284.37,0,Current,0,618
L00520,C01294,2025-09-08,11000,4.29,60,204.02,8990.76,0,Current,0,738
L00521,C01078,2023-09-19,9100,6.04,48,213.88,3552.24,0,Current,0,645
L00522,C00513,2024-12-25,5300,9.43,24,243.18,1174.46,0,Current,0,677
L00523,C00273,2025-04-25,14500,5.66,36,438.89,7981.67,0,Current,0,720
L00524,C01831,2025-05-03,2700,7.33,60,53.88,2015.13,0,Current,0,684
L00525,C02375,2025-01-19,18400,6.19,72,306.59,14107.26,0,Current,0,627
L00526,C00061,2025-06-06,8700,6.98,36,268.55,5849.05,0,Current,0,705
L00527,C01666,2023-10-18,27100,5.68,36,820.51,6709.43,0,Current,0,678
L00528,C01862,2022-05-07,6800,6.84,48,162.33,204.0,0,Current,0,684
L00529,C00892,2023-10-15,20300,5.92,48,476.0,5869.37,0,Current,0,718
L00530,C00694,2025-10-31,36700,8.58,48,905.98,29485.78,0,Current,0,714
L00531,C01391,2025-08-07,9700,4.65,48,221.85,7358.0,0,Current,0,830
L00532,C02247,2026-06-05,6600,7.23,60,131.41,6412.99,0,Current,0,690
L00533,C01861,2025-05-28,6900,7.06,72,117.84,5724.42,0,Current,0,759
L00534,C00841,2024-01-09,25000,6.18,24,1110.04,2057.13,0,Current,0,655
L00535,C00212,2024-03-25,17200,7.6,24,774.78,2792.42,0,Current,0,619
L00536,C01667,2026-05-10,40600,5.25,48,939.59,38504.96,0,Current,0,710
L00537,C01933,2025-07-15,17100,10.84,24,795.72,9261.88,0,Current,0,702
L00538,C01259,2022-09-30,11200,9.86,72,206.7,4124.87,0,Current,0,738
L00539,C02383,2026-03-03,11500,7.87,24,519.43,9265.75,0,Current,0,646
L00540,C00992,2021-12-24,6700,6.86,72,113.78,1552.62,0,Current,0,710
L00541,C01907,2026-04-15,4300,3.65,60,78.51,4037.49,0,Current,0,734
L00542,C00980,2025-02-05,32400,3.5,24,1399.77,11513.86,0,Current,0,741
L00543,C00822,2025-09-16,4900,6.53,60,95.94,4039.71,0,Current,0,771
L00544,C00705,2026-06-03,14000,4.24,72,220.57,13692.41,0,Current,0,753
L00545,C00849,2025-05-22,10600,3.79,72,164.83,8347.83,0,Current,0,832
L00546,C00105,2024-05-23,29600,6.47,72,497.15,18801.21,0,Current,0,794
L00547,C01947,2025-05-22,4900,9.66,24,225.34,1819.2,0,Current,0,565
L00548,C02141,2024-01-02,17400,9.97,48,441.06,6344.06,0,Current,0,723
L00549,C01366,2025-05-18,30000,6.12,72,498.89,24296.17,0,Current,0,666
L00550,C01170,2025-08-31,13800,11.92,72,269.22,11771.19,0,Current,0,568
L00551,C00909,2022-02-26,32800,7.03,36,1013.22,3118.18,0,Current,0,663
L00552,C01637,2025-05-03,13800,9.09,72,249.37,10932.43,0,Current,0,777
L00553,C01765,2025-01-17,27600,7.02,48,661.17,17779.95,0,Current,0,732
L00554,C01984,2023-01-10,12900,5.74,48,301.42,1242.94,0,Current,0,717
L00555,C00085,2026-03-31,15200,10.06,72,282.05,14364.65,0,Current,0,612
L00556,C02401,2022-11-01,9400,7.76,24,424.11,1942.37,0,Current,0,662
L00557,C00534,2025-10-05,4900,11.14,48,126.98,3933.5,0,Current,0,585
L00558,C00820,2022-04-11,8400,7.72,72,146.13,2430.97,0,Current,0,644
L00559,C00282,2026-03-11,19400,9.01,60,402.81,18112.69,0,Current,0,660
L00560,C00437,2026-07-30,15200,7.11,60,301.77,14972.39,0,Current,0,638
L00561,C00993,2025-05-11,17900,8.97,24,817.51,6948.71,0,Current,0,658
L00562,C01374,2024-01-06,8000,10.94,36,261.68,1953.66,0,Current,0,616
L00563,C01601,2021-09-25,17100,6.79,24,763.98,2961.13,0,Current,0,620
L00564,C00342,2024-11-29,40800,8.23,72,719.95,30562.16,0,Current,0,580
L00565,C01727,2026-07-05,23300,8.89,36,739.74,22786.36,0,Current,0,696
L00566,C00868,2025-04-05,17900,7.1,24,802.24,5756.9,0,Current,0,695
L00567,C02415,2026-05-05,19700,4.83,36,588.92,18261.39,0,Current,0,711
L00568,C01580,2025-01-06,3200,7.36,72,55.11,2351.19,0,Current,0,644
L00569,C01056,2022-12-11,9400,5.47,36,283.71,282.0,0,Current,0,589
L00570,C01777,2025-11-10,38600,8.0,72,676.78,34418.2,0,Current,0,629
L00571,C00767,2024-08-01,24400,5.86,24,1079.88,4434.83,0,Current,0,691
L00572,C01168,2025-07-14,25100,4.83,48,576.1,18812.83,0,Current,0,791
L00573,C02095,2025-05-25,23800,9.81,24,1096.16,9407.98,0,Current,0,490
L00574,C02345,2021-04-04,2800,9.16,24,128.12,311.77,0,Current,0,685
L00575,C02472,2021-09-01,16200,6.81,60,319.33,1680.93,0,Current,0,680
L00576,C00633,2024-01-05,6500,8.16,24,294.45,342.88,0,Current,0,690
L00577,C00535,2026-03-04,18600,4.84,24,814.68,14774.36,0,Current,0,755
L00578,C00440,2026-06-01,35400,6.13,48,833.48,34115.73,0,Current,0,727
L00579,C01911,2025-05-17,40400,8.42,48,994.27,29443.24,0,Current,0,774
L00580,C01150,2025-04-26,7600,6.79,36,233.94,4650.28,0,Current,0,746
L00581,C00384,2025-07-14,36900,9.51,48,927.22,26974.28,0,Current,0,669
L00582,C01117,2026-04-01,6400,9.23,60,133.57,5981.38,0,Current,0,626
L00583,C00780,2026-03-28,11500,8.45,60,235.66,10674.61,0,Current,0,657
L00584,C02009,2024-07-25,17900,7.39,24,804.6,2727.11,0,Current,0,604
L00585,C00999,2025-01-04,17900,10.25,24,828.06,4647.77,0,Current,0,601
L00586,C00383,2026-03-26,19700,8.99,48,490.14,17696.16,0,Current,0,622
L00587,C01568,2025-06-11,37100,7.91,24,1676.41,16624.05,0,Current,0,689
L00588,C01073,2026-07-07,6900,5.1,24,303.02,6615.06,0,Current,0,633
L00589,C00608,2022-11-17,6500,6.69,48,154.72,715.59,0,Current,0,700
L00590,C00221,2026-03-21,10000,6.57,60,195.99,9170.08,0,Current,0,643
L00591,C02238,2025-02-19,8800,7.44,24,395.76,2442.81,0,Current,0,696
L00592,C01529,2024-03-24,15200,4.98,48,349.91,6466.06,0,Current,0,705
L00593,C01997,2025-11-12,15300,4.07,48,345.94,12741.37,0,Current,0,833
L00594,C01713,2025-12-03,8000,5.54,24,352.91,5790.37,0,Current,0,642
L00595,C01383,2021-03-05,28500,8.72,60,587.75,855.0,0,Current,0,610
L00596,C01274,2025-01-22,19400,6.92,36,598.31,9830.32,0,Current,0,698
L00597,C01418,2025-06-15,25500,9.66,72,468.05,21228.29,0,Current,0,572
L00598,C01999,2022-10-11,32500,5.54,72,531.59,11948.36,0,Current,0,657
L00599,C02136,2026-07-19,37700,6.75,36,1159.76,36756.6,0,Current,0,662
L00600,C00854,2024-05-14,19200,5.63,48,447.66,8684.06,0,Current,0,699
L00601,C01851,2026-05-17,19400,7.65,60,390.12,18462.84,0,Current,0,601
L00602,C01915,2023-02-10,26000,6.97,24,1163.73,1504.43,0,Current,0,650
L00603,C00727,2026-06-10,7300,4.58,72,116.15,7130.07,0,Current,0,732
L00604,C01806,2024-08-02,28800,4.05,48,650.92,17198.07,0,Current,0,779
L00605,C00321,2024-11-02,28400,8.4,36,895.2,14900.12,0,Current,0,659
L00606,C00666,2024-06-27,35900,7.94,48,875.41,17916.97,0,Current,0,653
L00607,C00948,2025-02-09,5300,7.92,24,239.51,1353.14,0,Current,0,678
L00608,C01645,2026-06-12,22400,7.18,60,445.45,21713.97,0,Current,0,600
L00609,C00250,2026-06-14,9400,9.6,72,172.25,9163.39,0,Current,0,586
L00610,C01870,2026-07-12,27600,7.72,36,861.32,26966.72,0,Current,0,634
L00611,C00796,2026-03-24,2700,6.6,36,82.88,2393.78,0,Current,0,702
L00612,C02414,2022-02-01,3300,7.54,36,102.71,658.77,0,Current,0,655
L00613,C00518,2022-12-29,11400,5.57,24,503.05,1647.41,0,Current,0,634
L00614,C01107,2025-05-09,24700,7.08,36,763.57,15849.38,0,Current,0,686
L00615,C01853,2025-09-22,22800,4.54,48,520.33,18608.88,0,Current,0,725
L00616,C01273,2022-06-07,34900,10.74,72,659.65,10479.32,0,Current,0,645
L00617,C00315,2025-09-11,12900,11.25,36,423.86,9807.73,0,Current,0,653
L00618,C01005,2025-09-05,30800,7.84,24,1390.75,19464.56,0,Current,0,698
L00619,C00017,2021-06-04,35100,8.4,72,622.29,11142.11,15,Late,0,641
L00620,C02497,2026-03-12,14800,10.89,60,320.98,13624.21,0,Current,0,596
L00621,C01663,2025-02-26,15500,4.44,48,353.04,10219.94,0,Current,0,797
L00622,C01289,2025-12-29,40100,6.7,36,1232.68,32745.35,0,Current,0,646
L00623,C01457,2025-03-24,3500,8.61,60,71.99,2506.03,0,Current,0,538
L00624,C00430,2026-07-15,13400,9.38,24,614.51,12878.85,0,Current,0,684
L00625,C02063,2021-02-18,15800,7.48,72,273.03,3594.86,0,Current,0,675
L00626,C01828,2025-07-29,4200,6.76,36,129.22,2735.39,0,Current,0,728
L00627,C02154,2025-09-04,18200,5.03,48,419.38,14785.47,0,Current,0,741
L00628,C01217,2025-12-30,7300,4.07,72,114.44,6488.65,0,Current,0,747
L00629,C00547,2024-09-29,23800,5.55,72,389.4,16080.76,0,Current,0,700
L00630,C02088,2023-04-08,7800,8.3,36,245.5,658.87,0,Current,0,785
L00631,C02046,2026-01-25,27000,7.5,60,541.02,23818.59,0,Current,0,600
L00632,C00093,2025-03-06,8700,8.06,48,212.64,6292.76,0,Current,0,674
L00633,C02304,2024-06-05,19500,8.5,72,346.68,12797.82,0,Current,0,600
L00634,C00764,2026-05-02,23200,9.18,48,579.32,21744.12,0,Current,0,617
L00635,C02284,2025-05-15,25000,7.19,24,1121.47,11526.97,0,Current,0,664
L00636,C01083,2025-08-22,19200,8.16,72,338.14,15979.9,0,Current,0,646
L00637,C02106,2026-02-21,17800,7.16,48,427.57,15607.98,0,Current,0,700
L00638,C00860,2023-10-06,5300,7.16,72,90.77,2774.6,0,Current,0,642
L00639,C00770,2026-01-11,16100,8.85,48,399.5,14031.63,0,Current,0,530
L00640,C01351,2025-04-17,38900,6.66,60,764.04,30211.97,0,Current,0,710
L00641,C01310,2025-05-18,7900,5.94,24,349.92,2975.11,0,Current,0,625
L00642,C01891,2025-11-14,19000,11.37,60,416.62,16646.97,0,Current,0,625
L00643,C00859,2026-07-28,3500,10.01,48,88.79,3442.23,0,Current,0,568
L00644,C00716,2025-08-05,3800,8.52,36,119.99,2686.3,0,Current,0,629
L00645,C00678,2026-01-19,33700,9.14,72,609.8,30524.89,0,Current,0,670
L00646,C01433,2025-10-07,32200,7.32,24,1446.35,18948.32,0,Current,0,582
L00647,C00582,2025-02-11,7300,6.3,24,324.53,1805.1,0,Current,0,719
L00648,C01935,2026-03-10,2700,7.62,24,121.65,2209.01,0,Current,0,704
L00649,C01388,2025-07-01,25900,8.18,24,1173.51,13634.42,0,Current,0,700
L00650,C00232,2023-04-26,23700,4.88,60,445.95,10784.78,0,Current,0,740
L00651,C01985,2022-05-29,11600,6.07,48,272.8,1773.57,0,Current,0,806
L00652,C00038,2025-06-29,12900,9.29,48,322.8,9839.67,0,Current,0,571
L00653,C01268,2026-04-20,12800,5.51,60,244.55,12123.46,0,Current,0,720
L00654,C01381,2025-04-02,40400,7.47,72,697.93,31872.17,0,Current,0,636
L00655,C01469,2024-12-27,17500,7.83,24,790.12,4822.03,0,Current,0,630
L00656,C00257,2026-02-14,10200,6.79,36,313.97,8663.44,0,Current,0,765
L00657,C01654,2026-06-09,5100,10.05,24,235.46,4679.06,0,Current,0,596
L00658,C01484,2025-10-11,20300,8.18,72,357.71,17898.65,0,Current,0,559
L00659,C00230,2026-06-21,8400,5.87,60,161.89,8177.14,0,Current,0,817
L00660,C01845,2026-07-23,7600,7.01,24,340.31,7282.87,0,Current,0,650
L00661,C00142,2023-09-18,7200,6.28,36,219.95,1217.01,0,Current,0,716
L00662,C00788,2026-04-16,7400,5.65,72,121.42,7016.62,0,Current,0,687
L00663,C01200,2025-08-07,11000,8.54,72,195.78,9256.71,0,Current,0,605
L00664,C00298,2023-07-05,32100,6.89,60,633.95,14299.47,0,Current,0,684
L00665,C02177,2022-12-15,22200,4.41,48,505.34,4118.42,0,Current,0,733
L00666,C00562,2024-06-23,24600,4.07,60,453.82,16244.97,0,Current,0,728
L00667,C01158,2023-11-09,34000,5.69,36,1029.58,9168.31,0,Current,0,754
L00668,C01900,2026-02-08,27900,9.4,36,892.42,23167.9,0,Current,0,609
L00669,C01146,2022-11-27,4100,5.57,60,78.45,1515.11,0,Current,0,658
L00670,C01018,2021-12-26,31600,4.17,60,584.39,5312.67,0,Current,0,791
L00671,C00756,2025-08-29,38000,4.79,60,713.46,30686.38,0,Current,0,750
L00672,C01421,2024-05-25,11900,7.82,72,207.6,8332.41,0,Current,0,623
L00673,C02454,2021-04-17,13000,9.99,36,419.41,390.0,0,Current,0,567
L00674,C02334,2025-09-16,8300,8.57,36,262.28,6103.15,0,Current,0,744
L00675,C00051,2025-10-09,13000,10.63,36,423.33,9367.96,0,Current,0,687
L00676,C00779,2025-06-09,3500,7.89,24,158.12,1485.66,0,Current,0,745
L00677,C01725,2024-08-08,36700,4.93,48,844.01,18625.69,0,Current,0,781
L00678,C01223,2022-11-23,27700,9.29,24,1269.16,5034.39,0,Current,0,714
L00679,C00626,2026-01-28,21500,7.75,36,671.26,17833.72,0,Current,0,638
L00680,C01543,2023-12-31,19100,7.48,36,593.95,4036.57,0,Current,0,642
L00681,C00408,2023-07-27,6400,9.44,36,204.83,1308.07,0,Current,0,663
L00682,C01412,2026-01-22,13900,6.96,72,236.71,12822.33,0,Current,0,628
L00683,C01181,2026-05-08,4200,4.63,48,96.02,3959.24,0,Current,0,663
L00684,C01581,2025-12-22,30000,6.66,60,589.24,26581.69,0,Current,0,699
L00685,C00039,2024-08-17,21100,6.29,36,644.68,8849.82,0,Current,0,711
L00686,C02407,2026-01-21,11700,11.23,48,303.7,9974.22,0,Current,0,561
L00687,C02445,2026-07-22,28500,6.46,72,478.54,28136.93,0,Current,0,726
L00688,C01925,2026-02-24,13200,7.7,24,595.2,10285.38,0,Current,0,664
L00689,C00116,2025-08-03,23300,7.17,72,399.15,19927.63,0,Current,0,674
L00690,C02482,2026-02-10,33100,7.65,48,802.64,29031.17,0,Current,0,712
L00691,C02364,2024-07-19,21900,6.19,36,668.13,6746.97,0,Current,0,621
L00692,C00012,2024-09-05,13700,8.97,48,340.73,8355.75,0,Current,0,683
L00693,C02155,2026-04-11,8300,4.62,48,189.72,7683.61,0,Current,0,827
L00694,C00616,2024-01-16,35400,9.09,48,882.44,17082.1,0,Current,0,715
L00695,C01703,2022-06-04,17900,3.5,72,275.99,5607.06,0,Current,0,758
L00696,C01459,2021-01-13,3600,4.89,48,82.73,689.87,0,Current,0,775
L00697,C00949,2026-07-21,10400,8.01,60,210.92,10260.94,0,Current,0,587
L00698,C00045,2025-04-01,19400,8.9,72,348.73,15698.24,0,Current,0,683
L00699,C01655,2026-07-20,3800,6.77,48,90.59,3733.95,0,Current,0,787
L00700,C02236,2025-09-14,23900,7.79,60,482.21,19603.16,0,Current,0,673
